"","Term","Info1","Info2","Freq"
"20","。","記号","句点",329
"162","の","助詞","連体化",295
"129","て","助詞","接続助詞",288
"112","は","助詞","係助詞",268
"109","を","助詞","格助詞",247
"169","た","助動詞","*",215
"172","だ","助動詞","*",211
"99","に","助詞","格助詞",209
"90","が","助詞","格助詞",170
"252","する","動詞","自立",159
"94","と","助詞","格助詞",131
"22","、","記号","読点",123
"113","も","助詞","係助詞",93
"173","ない","助動詞","*",86
"1550","吾輩","名詞","代名詞",81
"549","いる","動詞","非自立",80
"93","で","助詞","格助詞",77
"163","ある","助動詞","*",60
"1563","の","名詞","非自立",54
"1566","もの","名詞","非自立",51
"35","ない","形容詞","自立",49
"1576","事","名詞","非自立",48
"1553","彼","名詞","代名詞",45
"18","「","記号","括弧開",42
"19","」","記号","括弧閉",42
"131","と","助詞","接続助詞",42
"107","へ","助詞","格助詞",41
"270","なる","動詞","自立",40
"1069","主人","名詞","一般",38
"1635","この","連体詞","*",38
"140","に","助詞","副詞化",37
"1637","その","連体詞","*",36
"124","が","助詞","接続助詞",33
"377","思う","動詞","自立",33
"155","か","助詞","副助詞／並立助詞／終助詞",32
"345","見る","動詞","自立",30
"175","ぬ","助動詞","*",28
"89","から","助詞","格助詞",27
"123","から","助詞","接続助詞",27
"106","の","助詞","格助詞",26
"1208","猫","名詞","一般",26
"226","ある","動詞","自立",25
"95","という","助詞","格助詞",24
"164","う","助動詞","*",23
"228","いう","動詞","自立",21
"547","れる","動詞","接尾",21
"1545","何","名詞","代名詞",21
"1568","よう","名詞","非自立",21
"941","眼","名詞","一般",19
"1123","人間","名詞","一般",19
"1535","これ","名詞","代名詞",19
"147","でも","助詞","副助詞",18
"158","と","助詞","並立助詞",18
"1021","黒","名詞","一般",18
"1122","人","名詞","一般",18
"188","しかし","接続詞","*",17
"293","云う","動詞","自立",17
"130","で","助詞","接続助詞",16
"167","ごとし","助動詞","*",16
"1451","一","名詞","数",16
"1577","時","名詞","非自立",16
"913","家","名詞","一般",15
"1580","上","名詞","非自立",15
"108","より","助詞","格助詞",14
"231","いる","動詞","自立",14
"956","教師","名詞","一般",14
"152","ばかり","助詞","副助詞",13
"154","まで","助詞","副助詞",13
"343","見える","動詞","自立",12
"401","出る","動詞","自立",12
"568","来る","動詞","非自立",12
"3","え","フィラー","*",11
"1125","水彩","名詞","一般",11
"1140","鼠","名詞","一般",11
"1435","車屋","名詞","固有名詞",11
"1548","君","名詞","代名詞",11
"145","だけ","助詞","副助詞",10
"943","顔","名詞","一般",10
"1088","書生","名詞","一般",10
"1454","三","名詞","数",10
"1474","画","名詞","接尾",10
"1587","方","名詞","非自立",10
"132","ながら","助詞","接続助詞",9
"135","ば","助詞","接続助詞",9
"148","など","助詞","副助詞",9
"156","たり","助詞","並立助詞",9
"174","なり","助動詞","*",9
"176","べし","助動詞","*",9
"235","おる","動詞","自立",9
"268","とる","動詞","自立",9
"404","出来る","動詞","自立",9
"414","食う","動詞","自立",9
"1603","今","名詞","副詞可能",9
"65","善い","形容詞","自立",8
"91","って","助詞","格助詞",8
"209","御","接頭詞","名詞接続",8
"213","小","接頭詞","名詞接続",8
"238","かく","動詞","自立",8
"418","寝る","動詞","自立",8
"501","聞く","動詞","自立",8
"546","られる","動詞","接尾",8
"561","やる","動詞","非自立",8
"658","時々","副詞","一般",8
"756","写生","名詞","サ変接続",8
"869","アンドレア・デル・サルト","名詞","一般",8
"1458","二","名詞","数",8
"1488","者","名詞","接尾",8
"1538","それ","名詞","代名詞",8
"1582","中","名詞","非自立",8
"1585","日","名詞","非自立",8
"142","くらい","助詞","副助詞",7
"181","る","助動詞","*",7
"182","ん","助動詞","*",7
"452","知る","動詞","自立",7
"500","分る","動詞","自立",7
"522","来る","動詞","自立",7
"555","くれる","動詞","非自立",7
"692","まだ","副詞","助詞類接続",7
"725","供","名詞","サ変接続",7
"808","放蕩","名詞","サ変接続",7
"919","画","名詞","一般",7
"1103","色","名詞","一般",7
"1227","美学","名詞","一般",7
"1322","例","名詞","一般",7
"1401","非常","名詞","形容動詞語幹",7
"1533","ここ","名詞","代名詞",7
"1551","誰","名詞","代名詞",7
"1555","僕","名詞","代名詞",7
"1562","ところ","名詞","非自立",7
"1579","所","名詞","非自立",7
"1643","大きな","連体詞","*",7
"9","なるほど","感動詞","*",6
"118","ね","助詞","終助詞",6
"153","ほど","助詞","副助詞",6
"171","たり","助動詞","*",6
"198","また","接続詞","*",6
"214","大","接頭詞","名詞接続",6
"225","あり","動詞","自立",6
"283","やる","動詞","自立",6
"379","至る","動詞","自立",6
"490","這入る","動詞","自立",6
"675","あまり","副詞","助詞類接続",6
"684","そう","副詞","助詞類接続",6
"700","少し","副詞","助詞類接続",6
"739","御馳走","名詞","サ変接続",6
"783","昼寝","名詞","サ変接続",6
"864","め","名詞","一般",6
"1164","池","名詞","一般",6
"1175","通人","名詞","一般",6
"1464","そう","名詞","接尾",6
"1465","たち","名詞","接尾",6
"1473","家","名詞","接尾",6
"1481","君","名詞","接尾",6
"1508","日","名詞","接尾",6
"1539","どこ","名詞","代名詞",6
"1554","彼等","名詞","代名詞",6
"1561","とき","名詞","非自立",6
"1604","今日","名詞","副詞可能",6
"38","よい","形容詞","自立",5
"40","悪い","形容詞","自立",5
"97","として","助詞","格助詞",5
"116","ぜ","助詞","終助詞",5
"143","じゃ","助詞","副助詞",5
"170","たい","助動詞","*",5
"179","らしい","助動詞","*",5
"180","り","助動詞","*",5
"202","第","接頭詞","数接続",5
"261","つく","動詞","自立",5
"287","逢う","動詞","自立",5
"318","帰る","動詞","自立",5
"362","行く","動詞","自立",5
"400","出す","動詞","自立",5
"474","得る","動詞","自立",5
"489","這う","動詞","自立",5
"567","得る","動詞","非自立",5
"635","よく","副詞","一般",5
"667","到底","副詞","一般",5
"680","こう","副詞","助詞類接続",5
"686","どう","副詞","助詞類接続",5
"699","少々","副詞","助詞類接続",5
"703","必ず","副詞","助詞類接続",5
"716","感心","名詞","サ変接続",5
"723","記憶","名詞","サ変接続",5
"819","話","名詞","サ変接続",5
"828","仕方","名詞","ナイ形容詞語幹",5
"836","うち","名詞","一般",5
"883","胃弱","名詞","一般",5
"947","気","名詞","一般",5
"1065","自分","名詞","一般",5
"1087","書斎","名詞","一般",5
"1252","癖","名詞","一般",5
"1288","野郎","名詞","一般",5
"1311","裏","名詞","一般",5
"1400","馬鹿","名詞","形容動詞語幹",5
"1455","四","名詞","数",5
"1494","人","名詞","接尾",5
"1549","己","名詞","代名詞",5
"1557","うち","名詞","非自立",5
"1636","こんな","連体詞","*",5
"1","あ","フィラー","*",4
"17","○","記号","一般",4
"121","よ","助詞","終助詞",4
"136","ものの","助詞","接続助詞",4
"139","と","助詞","副詞化",4
"160","や","助詞","並立助詞",4
"218","無","接頭詞","名詞接続",4
"239","かける","動詞","自立",4
"291","飲む","動詞","自立",4
"306","廻る","動詞","自立",4
"328","泣く","動詞","自立",4
"339","繰り返す","動詞","自立",4
"350","言う","動詞","自立",4
"383","持つ","動詞","自立",4
"412","上る","動詞","自立",4
"427","吹く","動詞","自立",4
"472","動く","動詞","自立",4
"476","読む","動詞","自立",4
"533","話す","動詞","自立",4
"545","せる","動詞","接尾",4
"556","しまう","動詞","非自立",4
"563","行く","動詞","非自立",4
"573","いくら","副詞","一般",4
"582","ことに","副詞","一般",4
"614","どうも","副詞","一般",4
"638","暗に","副詞","一般",4
"653","決して","副詞","一般",4
"660","実に","副詞","一般",4
"683","しばらく","副詞","助詞類接続",4
"685","ちょっと","副詞","助詞類接続",4
"691","また","副詞","助詞類接続",4
"831","あと","名詞","一般",4
"911","下","名詞","一般",4
"939","感じ","名詞","一般",4
"968","金縁","名詞","一般",4
"1018","考","名詞","一般",4
"1033","最後","名詞","一般",4
"1130","声","名詞","一般",4
"1137","先","名詞","一般",4
"1154","大","名詞","一般",4
"1155","大王","名詞","一般",4
"1166","茶","名詞","一般",4
"1195","頭","名詞","一般",4
"1204","日記","名詞","一般",4
"1244","腹","名詞","一般",4
"1266","夢","名詞","一般",4
"1271","名前","名詞","一般",4
"1278","毛","名詞","一般",4
"1336","椽側","名詞","一般",4
"1399","熱心","名詞","形容動詞語幹",4
"1423","おさん","名詞","固有名詞",4
"1459","百","名詞","数",4
"1524","毛","名詞","接尾",4
"1530","いつ","名詞","代名詞",4
"1556","そう","名詞","特殊",4
"1560","つもり","名詞","非自立",4
"1574","後","名詞","非自立",4
"1592","その後","名詞","副詞可能",4
"1616","前","名詞","副詞可能",4
"1628","夜","名詞","副詞可能",4
"1638","そんな","連体詞","*",4
"16","―","記号","一般",3
"44","寒い","形容詞","自立",3
"49","強い","形容詞","自立",3
"54","好い","形容詞","自立",3
"69","大きい","形容詞","自立",3
"78","美しい","形容詞","自立",3
"82","面白い","形容詞","自立",3
"111","さえ","助詞","係助詞",3
"115","さ","助詞","終助詞",3
"159","とか","助詞","並立助詞",3
"187","さて","接続詞","*",3
"190","すると","接続詞","*",3
"196","ところが","接続詞","*",3
"200","実は","接続詞","*",3
"263","つける","動詞","自立",3
"282","やめる","動詞","自立",3
"359","考える","動詞","自立",3
"367","坐る","動詞","自立",3
"399","住む","動詞","自立",3
"409","笑う","動詞","自立",3
"413","乗る","動詞","自立",3
"454","置く","動詞","自立",3
"456","眺める","動詞","自立",3
"469","投げ出す","動詞","自立",3
"488","這い出す","動詞","自立",3
"496","評す","動詞","自立",3
"498","付く","動詞","自立",3
"503","捕る","動詞","自立",3
"513","鳴らす","動詞","自立",3
"536","抛り出す","動詞","自立",3
"543","がる","動詞","接尾",3
"570","あたかも","副詞","一般",3
"584","さすが","副詞","一般",3
"587","しかるに","副詞","一般",3
"611","どうしても","副詞","一般",3
"613","どうにか","副詞","一般",3
"628","もう","副詞","一般",3
"629","もし","副詞","一般",3
"633","やはり","副詞","一般",3
"634","ようやく","副詞","一般",3
"640","一向","副詞","一般",3
"698","実際","副詞","助詞類接続",3
"710","加減","名詞","サ変接続",3
"711","我慢","名詞","サ変接続",3
"712","我儘","名詞","サ変接続",3
"721","関","名詞","サ変接続",3
"734","決心","名詞","サ変接続",3
"833","いくら","名詞","一般",3
"918","我","名詞","一般",3
"932","額","名詞","一般",3
"940","間","名詞","一般",3
"942","眼鏡","名詞","一般",3
"948","気焔","名詞","一般",3
"957","胸","名詞","一般",3
"980","穴","名詞","一般",3
"1010","口","名詞","一般",3
"1063","耳","名詞","一般",3
"1067","質","名詞","一般",3
"1071","手","名詞","一般",3
"1093","小説","名詞","一般",3
"1095","掌","名詞","一般",3
"1098","冗談","名詞","一般",3
"1111","心持","名詞","一般",3
"1142","相手","名詞","一般",3
"1147","他","名詞","一般",3
"1149","体","名詞","一般",3
"1153","台所","名詞","一般",3
"1159","男","名詞","一般",3
"1167","茶園","名詞","一般",3
"1174","通り","名詞","一般",3
"1216","背中","名詞","一般",3
"1226","皮膚","名詞","一般",3
"1229","鼻","名詞","一般",3
"1246","物","名詞","一般",3
"1261","棒","名詞","一般",3
"1262","本","名詞","一般",3
"1298","余念","名詞","一般",3
"1305","謡","名詞","一般",3
"1353","いや","名詞","形容動詞語幹",3
"1367","気の毒","名詞","形容動詞語幹",3
"1377","自然","名詞","形容動詞語幹",3
"1403","不思議","名詞","形容動詞語幹",3
"1406","平気","名詞","形容動詞語幹",3
"1446","白","名詞","固有名詞",3
"1453","五","名詞","数",3
"1456","十","名詞","数",3
"1471","屋","名詞","接尾",3
"1507","内","名詞","接尾",3
"1529","あれ","名詞","代名詞",3
"1544","みんな","名詞","代名詞",3
"1552","奴","名詞","代名詞",3
"1570","以外","名詞","非自立",3
"1591","せんだって","名詞","副詞可能",3
"1597","一番","名詞","副詞可能",3
"1601","結果","名詞","副詞可能",3
"1602","元来","名詞","副詞可能",3
"1606","事実","名詞","副詞可能",3
"1614","昔","名詞","副詞可能",3
"1626","毎日","名詞","副詞可能",3
"1630","翌日","名詞","副詞可能",3
"5","あ","感動詞","*",2
"12","へえ","感動詞","*",2
"15","々","記号","一般",2
"26","うまい","形容詞","自立",2
"29","おとなしい","形容詞","自立",2
"37","むずかしい","形容詞","自立",2
"39","わるい","形容詞","自立",2
"45","甘い","形容詞","自立",2
"56","酷い","形容詞","自立",2
"59","臭い","形容詞","自立",2
"68","多い","形容詞","自立",2
"70","淡い","形容詞","自立",2
"71","暖かい","形容詞","自立",2
"81","明るい","形容詞","自立",2
"83","余儀ない","形容詞","自立",2
"88","よい","形容詞","非自立",2
"110","をもって","助詞","格助詞",2
"117","な","助詞","終助詞",2
"119","ねえ","助詞","終助詞",2
"127","たって","助詞","接続助詞",2
"128","つつ","助詞","接続助詞",2
"133","ので","助詞","接続助詞",2
"134","のに","助詞","接続助詞",2
"141","かも","助詞","副助詞",2
"150","なんか","助詞","副助詞",2
"157","だり","助詞","並立助詞",2
"177","まい","助動詞","*",2
"184","いや","接続詞","*",2
"189","しかも","接続詞","*",2
"195","ただ","接続詞","*",2
"212","自","接頭詞","名詞接続",2
"216","不","接頭詞","名詞接続",2
"227","あるく","動詞","自立",2
"233","える","動詞","自立",2
"243","くる","動詞","自立",2
"249","さる","動詞","自立",2
"253","せる","動詞","自立",2
"257","たつ","動詞","自立",2
"278","ぶら下げる","動詞","自立",2
"279","もぐり込む","動詞","自立",2
"288","違う","動詞","自立",2
"308","覚める","動詞","自立",2
"312","感ずる","動詞","自立",2
"317","棄てる","動詞","自立",2
"344","見せる","動詞","自立",2
"348","見付ける","動詞","自立",2
"349","減る","動詞","自立",2
"354","交ぜる","動詞","自立",2
"355","向う","動詞","自立",2
"366","困る","動詞","自立",2
"375","始める","動詞","自立",2
"385","写す","動詞","自立",2
"393","受ける","動詞","自立",2
"398","住み込む","動詞","自立",2
"405","書く","動詞","自立",2
"411","上げる","動詞","自立",2
"420","心付く","動詞","自立",2
"431","生れる","動詞","自立",2
"433","切る","動詞","自立",2
"437","掻く","動詞","自立",2
"442","足す","動詞","自立",2
"445","打つ","動詞","自立",2
"453","知れる","動詞","自立",2
"467","怒る","動詞","自立",2
"471","答える","動詞","自立",2
"477","入る","動詞","自立",2
"478","入れる","動詞","自立",2
"491","抜ける","動詞","自立",2
"493","肥る","動詞","自立",2
"494","飛び出す","動詞","自立",2
"499","付ける","動詞","自立",2
"504","暮す","動詞","自立",2
"517","有す","動詞","自立",2
"527","立つ","動詞","自立",2
"537","抛る","動詞","自立",2
"541","籠る","動詞","自立",2
"548","ある","動詞","非自立",2
"550","える","動詞","非自立",2
"553","く","動詞","非自立",2
"557","てる","動詞","非自立",2
"559","なる","動詞","非自立",2
"565","始める","動詞","非自立",2
"566","出す","動詞","非自立",2
"588","しきりに","副詞","一般",2
"592","すでに","副詞","一般",2
"596","そんなに","副詞","一般",2
"597","たしかに","副詞","一般",2
"600","ちっと","副詞","一般",2
"601","ちっとも","副詞","一般",2
"604","ついに","副詞","一般",2
"612","どうせ","副詞","一般",2
"617","のそのそ","副詞","一般",2
"618","はなはだ","副詞","一般",2
"621","ふと","副詞","一般",2
"624","まず","副詞","一般",2
"625","まるで","副詞","一般",2
"630","もっとも","副詞","一般",2
"641","一体","副詞","一般",2
"646","何とか","副詞","一般",2
"654","元来","副詞","一般",2
"674","毫も","副詞","一般",2
"679","いろいろ","副詞","助詞類接続",2
"681","これから","副詞","助詞類接続",2
"687","なかなか","副詞","助詞類接続",2
"688","なるべく","副詞","助詞類接続",2
"697","再び","副詞","助詞類接続",2
"704","別段","副詞","助詞類接続",2
"717","感服","名詞","サ変接続",2
"733","欠伸","名詞","サ変接続",2
"750","自慢","名詞","サ変接続",2
"755","質問","名詞","サ変接続",2
"762","小便","名詞","サ変接続",2
"767","想像","名詞","サ変接続",2
"773","増長","名詞","サ変接続",2
"782","忠告","名詞","サ変接続",2
"784","注意","名詞","サ変接続",2
"787","珍重","名詞","サ変接続",2
"795","発達","名詞","サ変接続",2
"805","勉強","名詞","サ変接続",2
"809","訪問","名詞","サ変接続",2
"813","猶予","名詞","サ変接続",2
"825","邂逅","名詞","サ変接続",2
"840","かく","名詞","一般",2
"846","けら","名詞","一般",2
"854","ただ","名詞","一般",2
"872","タカジヤスターゼ","名詞","一般",2
"875","ニャー","名詞","一般",2
"898","雨","名詞","一般",2
"899","運","名詞","一般",2
"900","英文","名詞","一般",2
"906","奥","名詞","一般",2
"908","黄","名詞","一般",2
"912","下女","名詞","一般",2
"920","画家","名詞","一般",2
"923","灰色","名詞","一般",2
"924","絵","名詞","一般",2
"926","垣","名詞","一般",2
"929","学校","名詞","一般",2
"930","学生","名詞","一般",2
"977","芸者","名詞","一般",2
"981","月","名詞","一般",2
"989","言葉","名詞","一般",2
"992","枯菊","名詞","一般",2
"999","後架","名詞","一般",2
"1003","語","名詞","一般",2
"1004","交番","名詞","一般",2
"1011","向う","名詞","一般",2
"1025","左","名詞","一般",2
"1030","座敷","名詞","一般",2
"1035","妻君","名詞","一般",2
"1040","笹原","名詞","一般",2
"1047","姿","名詞","一般",2
"1058","資格","名詞","一般",2
"1059","事件","名詞","一般",2
"1064","自己","名詞","一般",2
"1078","宗","名詞","一般",2
"1090","女","名詞","一般",2
"1092","小春","名詞","一般",2
"1107","尻","名詞","一般",2
"1118","神経","名詞","一般",2
"1121","辛","名詞","一般",2
"1128","性質","名詞","一般",2
"1136","雪隠","名詞","一般",2
"1138","先生","名詞","一般",2
"1150","体格","名詞","一般",2
"1152","袋","名詞","一般",2
"1178","亭主","名詞","一般",2
"1181","邸","名詞","一般",2
"1185","天","名詞","一般",2
"1193","当人","名詞","一般",2
"1201","日","名詞","一般",2
"1209","年","名詞","一般",2
"1210","念","名詞","一般",2
"1214","俳句","名詞","一般",2
"1220","畠","名詞","一般",2
"1225","皮","名詞","一般",2
"1230","疋","名詞","一般",2
"1236","不徳","名詞","一般",2
"1241","風","名詞","一般",2
"1247","文学","名詞","一般",2
"1249","平気","名詞","一般",2
"1251","壁","名詞","一般",2
"1283","目","名詞","一般",2
"1292","勇気","名詞","一般",2
"1293","友","名詞","一般",2
"1301","容子","名詞","一般",2
"1310","理窟","名詞","一般",2
"1318","輪","名詞","一般",2
"1324","歴史","名詞","一般",2
"1329","腕力","名詞","一般",2
"1338","涎","名詞","一般",2
"1342","琥珀","名詞","一般",2
"1347","跛","名詞","一般",2
"1354","たしか","名詞","形容動詞語幹",2
"1358","厭","名詞","形容動詞語幹",2
"1362","楽","名詞","形容動詞語幹",2
"1370","急","名詞","形容動詞語幹",2
"1383","上手","名詞","形容動詞語幹",2
"1385","真面目","名詞","形容動詞語幹",2
"1390","駄目","名詞","形容動詞語幹",2
"1392","大変","名詞","形容動詞語幹",2
"1410","妙","名詞","形容動詞語幹",2
"1411","無学","名詞","形容動詞語幹",2
"1413","無理","名詞","形容動詞語幹",2
"1415","滅多","名詞","形容動詞語幹",2
"1417","遥か","名詞","形容動詞語幹",2
"1419","立派","名詞","形容動詞語幹",2
"1432","向","名詞","固有名詞",2
"1439","盛","名詞","固有名詞",2
"1441","大飯","名詞","固有名詞",2
"1442","大分","名詞","固有名詞",2
"1443","竹垣","名詞","固有名詞",2
"1461","げ","名詞","接尾",2
"1467","め","名詞","接尾",2
"1469","ら","名詞","接尾",2
"1472","化","名詞","接尾",2
"1475","会","名詞","接尾",2
"1483","後","名詞","接尾",2
"1493","所","名詞","接尾",2
"1495","性","名詞","接尾",2
"1498","銭","名詞","接尾",2
"1502","中","名詞","接尾",2
"1504","的","名詞","接尾",2
"1506","等","名詞","接尾",2
"1515","付","名詞","接尾",2
"1516","分","名詞","接尾",2
"1518","遍","名詞","接尾",2
"1520","本","名詞","接尾",2
"1522","毎","名詞","接尾",2
"1525","目","名詞","接尾",2
"1536","これら","名詞","代名詞",2
"1537","そこ","名詞","代名詞",2
"1546","我々","名詞","代名詞",2
"1559","ため","名詞","非自立",2
"1572","気","名詞","非自立",2
"1578","者","名詞","非自立",2
"1584","内","名詞","非自立",2
"1586","物","名詞","非自立",2
"1588","訳","名詞","非自立",2
"1589","この間","名詞","副詞可能",2
"1594","ほか","名詞","副詞可能",2
"1599","去年","名詞","副詞可能",2
"1610","十二月","名詞","副詞可能",2
"1617","前後","名詞","副詞可能",2
"1620","朝","名詞","副詞可能",2
"1621","当時","名詞","副詞可能",2
"1631","あの","連体詞","*",2
"1632","ある","連体詞","*",2
"1633","いかなる","連体詞","*",2
"1642","或","連体詞","*",2
"1644","同じ","連体詞","*",2
"2","あー","フィラー","*",1
"4","なんか","フィラー","*",1
"6","え","感動詞","*",1
"7","こりゃ","感動詞","*",1
"8","そら","感動詞","*",1
"10","はてな","感動詞","*",1
"11","ふん","感動詞","*",1
"13","へっ","感動詞","*",1
"14","？","記号","一般",1
"21","　","記号","空白",1
"23","あわただしい","形容詞","自立",1
"24","いい","形容詞","自立",1
"25","うい","形容詞","自立",1
"27","えらい","形容詞","自立",1
"28","おかしい","形容詞","自立",1
"30","くい","形容詞","自立",1
"31","こそばゆい","形容詞","自立",1
"32","たまらない","形容詞","自立",1
"33","つらい","形容詞","自立",1
"34","とろい","形容詞","自立",1
"36","ひもじい","形容詞","自立",1
"41","暗い","形容詞","自立",1
"42","永い","形容詞","自立",1
"43","快い","形容詞","自立",1
"46","丸い","形容詞","自立",1
"47","嬉しい","形容詞","自立",1
"48","気味が悪い","形容詞","自立",1
"50","恐い","形容詞","自立",1
"51","苦しい","形容詞","自立",1
"52","軽い","形容詞","自立",1
"53","口惜しい","形容詞","自立",1
"55","広い","形容詞","自立",1
"57","黒い","形容詞","自立",1
"58","若い","形容詞","自立",1
"60","小さい","形容詞","自立",1
"61","少ない","形容詞","自立",1
"62","新しい","形容詞","自立",1
"63","羨い","形容詞","自立",1
"64","羨ましい","形容詞","自立",1
"66","早い","形容詞","自立",1
"67","騒々しい","形容詞","自立",1
"72","著い","形容詞","自立",1
"73","長い","形容詞","自立",1
"74","痛い","形容詞","自立",1
"75","低い","形容詞","自立",1
"76","薄暗い","形容詞","自立",1
"77","卑しい","形容詞","自立",1
"79","眠い","形容詞","自立",1
"80","無い","形容詞","自立",1
"84","烈しい","形容詞","自立",1
"85","ぽい","形容詞","接尾",1
"86","いい","形容詞","非自立",1
"87","やすい","形容詞","非自立",1
"92","て","助詞","格助詞",1
"96","といった","助詞","格助詞",1
"98","と共に","助詞","格助詞",1
"100","において","助詞","格助詞",1
"101","における","助詞","格助詞",1
"102","について","助詞","格助詞",1
"103","にて","助詞","格助詞",1
"104","に関する","助詞","格助詞",1
"105","に従って","助詞","格助詞",1
"114","かい","助詞","終助詞",1
"120","やら","助詞","終助詞",1
"122","わ","助詞","終助詞",1
"125","けども","助詞","接続助詞",1
"126","し","助詞","接続助詞",1
"137","や","助詞","接続助詞",1
"138","んで","助詞","接続助詞",1
"144","ずつ","助詞","副助詞",1
"146","だって","助詞","副助詞",1
"149","なり","助詞","副助詞",1
"151","のみ","助詞","副助詞",1
"161","やら","助詞","並立助詞",1
"165","き","助動詞","*",1
"166","けり","助動詞","*",1
"168","じ","助動詞","*",1
"178","ます","助動詞","*",1
"183","いえ","接続詞","*",1
"185","かくして","接続詞","*",1
"186","けれども","接続詞","*",1
"191","そうして","接続詞","*",1
"192","そこで","接続詞","*",1
"193","それで","接続詞","*",1
"194","それでも","接続詞","*",1
"197","なお","接続詞","*",1
"199","一方","接続詞","*",1
"201","追って","接続詞","*",1
"203","約","接頭詞","数接続",1
"204","お","接頭詞","名詞接続",1
"205","ご","接頭詞","名詞接続",1
"206","ど","接頭詞","名詞接続",1
"207","快","接頭詞","名詞接続",1
"208","肝","接頭詞","名詞接続",1
"210","好","接頭詞","名詞接続",1
"211","今","接頭詞","名詞接続",1
"215","中","接頭詞","名詞接続",1
"217","片","接頭詞","名詞接続",1
"219","あがる","動詞","自立",1
"220","あきれる","動詞","自立",1
"221","あける","動詞","自立",1
"222","あつめる","動詞","自立",1
"223","あらわす","動詞","自立",1
"224","あらわれる","動詞","自立",1
"229","いざる","動詞","自立",1
"230","いやがる","動詞","自立",1
"232","うたう","動詞","自立",1
"234","おりる","動詞","自立",1
"236","かかる","動詞","自立",1
"237","かきつける","動詞","自立",1
"240","かこう","動詞","自立",1
"241","かぶせる","動詞","自立",1
"242","かよう","動詞","自立",1
"244","くれる","動詞","自立",1
"245","ぐれる","動詞","自立",1
"246","こく","動詞","自立",1
"247","こぼす","動詞","自立",1
"248","さます","動詞","自立",1
"250","しゃべる","動詞","自立",1
"251","すます","動詞","自立",1
"254","そぐ","動詞","自立",1
"255","そそのかす","動詞","自立",1
"256","そる","動詞","自立",1
"258","たまる","動詞","自立",1
"259","たらす","動詞","自立",1
"260","つかむ","動詞","自立",1
"262","つくばう","動詞","自立",1
"264","つづける","動詞","自立",1
"265","つとめる","動詞","自立",1
"266","つまみ出す","動詞","自立",1
"267","つまる","動詞","自立",1
"269","なでる","動詞","自立",1
"271","なれる","動詞","自立",1
"272","におう","動詞","自立",1
"273","ねぶる","動詞","自立",1
"274","ねる","動詞","自立",1
"275","ぱちつかせる","動詞","自立",1
"276","ひろげる","動詞","自立",1
"277","ふてる","動詞","自立",1
"280","やむをえる","動詞","自立",1
"281","やむを得る","動詞","自立",1
"284","よる","動詞","自立",1
"285","わかる","動詞","自立",1
"286","わる","動詞","自立",1
"289","引き受ける","動詞","自立",1
"290","飲み込む","動詞","自立",1
"292","隠す","動詞","自立",1
"294","運ぶ","動詞","自立",1
"295","栄える","動詞","自立",1
"296","於く","動詞","自立",1
"297","押し込む","動詞","自立",1
"298","押し出す","動詞","自立",1
"299","押し倒す","動詞","自立",1
"300","下りる","動詞","自立",1
"301","加える","動詞","自立",1
"302","歌う","動詞","自立",1
"303","稼ぐ","動詞","自立",1
"304","過ぎる","動詞","自立",1
"305","解す","動詞","自立",1
"307","開く","動詞","自立",1
"309","掛ける","動詞","自立",1
"310","割り込む","動詞","自立",1
"311","感じる","動詞","自立",1
"313","甘んじる","動詞","自立",1
"314","間違える","動詞","自立",1
"315","含める","動詞","自立",1
"316","願う","動詞","自立",1
"319","気がつく","動詞","自立",1
"320","気づかう","動詞","自立",1
"321","記す","動詞","自立",1
"322","起す","動詞","自立",1
"323","輝く","動詞","自立",1
"324","欺く","動詞","自立",1
"325","疑う","動詞","自立",1
"326","逆立てる","動詞","自立",1
"327","休む","動詞","自立",1
"329","教える","動詞","自立",1
"330","狭める","動詞","自立",1
"331","驚く","動詞","自立",1
"332","凝る","動詞","自立",1
"333","極める","動詞","自立",1
"334","極め込む","動詞","自立",1
"335","勤まる","動詞","自立",1
"336","禁じる","動詞","自立",1
"337","近づく","動詞","自立",1
"338","喰う","動詞","自立",1
"340","繰返す","動詞","自立",1
"341","傾く","動詞","自立",1
"342","懸ける","動詞","自立",1
"346","見違える","動詞","自立",1
"347","見出す","動詞","自立",1
"351","限る","動詞","自立",1
"352","御する","動詞","自立",1
"353","悟る","動詞","自立",1
"356","向ける","動詞","自立",1
"357","好く","動詞","自立",1
"358","構う","動詞","自立",1
"360","考え出す","動詞","自立",1
"361","考え付く","動詞","自立",1
"363","降る","動詞","自立",1
"364","合う","動詞","自立",1
"365","合せる","動詞","自立",1
"368","彩る","動詞","自立",1
"369","済す","動詞","自立",1
"370","載せる","動詞","自立",1
"371","散らす","動詞","自立",1
"372","散る","動詞","自立",1
"373","産まれる","動詞","自立",1
"374","残る","動詞","自立",1
"376","思い出す","動詞","自立",1
"378","死ぬ","動詞","自立",1
"380","試す","動詞","自立",1
"381","似る","動詞","自立",1
"382","持ち上げる","動詞","自立",1
"384","執る","動詞","自立",1
"386","射る","動詞","自立",1
"387","煮る","動詞","自立",1
"388","弱る","動詞","自立",1
"389","惹く","動詞","自立",1
"390","取り上げる","動詞","自立",1
"391","取る","動詞","自立",1
"392","守る","動詞","自立",1
"394","終る","動詞","自立",1
"395","習う","動詞","自立",1
"396","臭う","動詞","自立",1
"397","襲う","動詞","自立",1
"402","出逢う","動詞","自立",1
"403","出会う","動詞","自立",1
"406","助かる","動詞","自立",1
"407","勝る","動詞","自立",1
"408","勝れる","動詞","自立",1
"410","障る","動詞","自立",1
"415","食える","動詞","自立",1
"416","食わせる","動詞","自立",1
"417","信じる","動詞","自立",1
"419","寝転ぶ","動詞","自立",1
"421","進む","動詞","自立",1
"422","震わせる","動詞","自立",1
"423","尋ねる","動詞","自立",1
"424","尽す","動詞","自立",1
"425","吹きかける","動詞","自立",1
"426","吹き出す","動詞","自立",1
"428","垂らす","動詞","自立",1
"429","睡る","動詞","自立",1
"430","生じる","動詞","自立",1
"432","醒ます","動詞","自立",1
"434","接す","動詞","自立",1
"435","戦う","動詞","自立",1
"436","訴える","動詞","自立",1
"438","装う","動詞","自立",1
"439","走る","動詞","自立",1
"440","送る","動詞","自立",1
"441","騒ぐ","動詞","自立",1
"443","足りる","動詞","自立",1
"444","太れる","動詞","自立",1
"446","帯びる","動詞","自立",1
"447","待つ","動詞","自立",1
"448","濁す","動詞","自立",1
"449","叩く","動詞","自立",1
"450","奪う","動詞","自立",1
"451","担ぐ","動詞","自立",1
"455","張る","動詞","自立",1
"457","跳ねる","動詞","自立",1
"458","追い廻す","動詞","自立",1
"459","追い込む","動詞","自立",1
"460","追っかける","動詞","自立",1
"461","綴る","動詞","自立",1
"462","定める","動詞","自立",1
"463","提げる","動詞","自立",1
"464","伝える","動詞","自立",1
"465","吐く","動詞","自立",1
"466","渡る","動詞","自立",1
"468","怒鳴る","動詞","自立",1
"470","当る","動詞","自立",1
"473","動じる","動詞","自立",1
"475","読みかける","動詞","自立",1
"479","任せる","動詞","自立",1
"480","忍び込む","動詞","自立",1
"481","撚る","動詞","自立",1
"482","燃える","動詞","自立",1
"483","覗く","動詞","自立",1
"484","破れる","動詞","自立",1
"485","罵る","動詞","自立",1
"486","背負う","動詞","自立",1
"487","買う","動詞","自立",1
"492","悲しむ","動詞","自立",1
"495","飛ぶ","動詞","自立",1
"497","描き出す","動詞","自立",1
"502","捕える","動詞","自立",1
"505","暮らす","動詞","自立",1
"506","崩れる","動詞","自立",1
"507","抱く","動詞","自立",1
"508","忘れる","動詞","自立",1
"509","磨く","動詞","自立",1
"510","眠る","動詞","自立",1
"511","明く","動詞","自立",1
"512","明ける","動詞","自立",1
"514","儲ける","動詞","自立",1
"515","黙る","動詞","自立",1
"516","問いかける","動詞","自立",1
"518","誘う","動詞","自立",1
"519","揚げる","動詞","自立",1
"520","養う","動詞","自立",1
"521","来たす","動詞","自立",1
"523","頼む","動詞","自立",1
"524","落ちつく","動詞","自立",1
"525","落ちる","動詞","自立",1
"526","立ち去る","動詞","自立",1
"528","立てる","動詞","自立",1
"529","流す","動詞","自立",1
"530","力む","動詞","自立",1
"531","隣る","動詞","自立",1
"532","漏る","動詞","自立",1
"534","嗅ぐ","動詞","自立",1
"535","嘲る","動詞","自立",1
"538","瘠せる","動詞","自立",1
"539","睨む","動詞","自立",1
"540","窘める","動詞","自立",1
"542","褪める","動詞","自立",1
"544","す","動詞","接尾",1
"551","おる","動詞","非自立",1
"552","かねる","動詞","非自立",1
"554","くる","動詞","非自立",1
"558","でる","動詞","非自立",1
"560","みる","動詞","非自立",1
"562","る","動詞","非自立",1
"564","込む","動詞","非自立",1
"569","あえて","副詞","一般",1
"571","あながち","副詞","一般",1
"572","いかに","副詞","一般",1
"574","いつも","副詞","一般",1
"575","いとも","副詞","一般",1
"576","えて","副詞","一般",1
"577","かく","副詞","一般",1
"578","かっと","副詞","一般",1
"579","きっと","副詞","一般",1
"580","きらきら","副詞","一般",1
"581","ぐるぐる","副詞","一般",1
"583","ころころ","副詞","一般",1
"585","さも","副詞","一般",1
"586","さらさら","副詞","一般",1
"589","じっと","副詞","一般",1
"590","じめじめ","副詞","一般",1
"591","すこぶる","副詞","一般",1
"593","せっかく","副詞","一般",1
"594","そのうち","副詞","一般",1
"595","そろりと","副詞","一般",1
"598","たんと","副詞","一般",1
"599","だいぶ","副詞","一般",1
"602","ちと","副詞","一般",1
"603","つい","副詞","一般",1
"605","つくづく","副詞","一般",1
"606","つるつる","副詞","一般",1
"607","とうとう","副詞","一般",1
"608","とにかく","副詞","一般",1
"609","とんと","副詞","一般",1
"610","どうして","副詞","一般",1
"615","なお","副詞","一般",1
"616","なまじい","副詞","一般",1
"619","びりびり","副詞","一般",1
"620","ぴんと","副詞","一般",1
"622","ほとんど","副詞","一般",1
"623","まあ","副詞","一般",1
"626","むしろ","副詞","一般",1
"627","むずむず","副詞","一般",1
"631","やがて","副詞","一般",1
"632","やっと","副詞","一般",1
"636","るる","副詞","一般",1
"637","ブーブー","副詞","一般",1
"639","一々","副詞","一般",1
"642","一度","副詞","一般",1
"643","何しろ","副詞","一般",1
"644","何だか","副詞","一般",1
"645","何で","副詞","一般",1
"647","何となく","副詞","一般",1
"648","何一つ","副詞","一般",1
"649","果して","副詞","一般",1
"650","果然","副詞","一般",1
"651","覚えず","副詞","一般",1
"652","楽々","副詞","一般",1
"655","現に","副詞","一般",1
"656","今に","副詞","一般",1
"657","最早","副詞","一般",1
"659","時に","副詞","一般",1
"661","真に","副詞","一般",1
"662","漸","副詞","一般",1
"663","代る代る","副詞","一般",1
"664","大分","副詞","一般",1
"665","長々","副詞","一般",1
"666","直に","副詞","一般",1
"668","同時に","副詞","一般",1
"669","別に","副詞","一般",1
"670","未だに","副詞","一般",1
"671","無論","副詞","一般",1
"672","予め","副詞","一般",1
"673","余程","副詞","一般",1
"676","あまりに","副詞","助詞類接続",1
"677","いきなり","副詞","助詞類接続",1
"678","いっそ","副詞","助詞類接続",1
"682","こんなに","副詞","助詞類接続",1
"689","ますます","副詞","助詞類接続",1
"690","まずまず","副詞","助詞類接続",1
"693","わずか","副詞","助詞類接続",1
"694","フワフワ","副詞","助詞類接続",1
"695","一層","副詞","助詞類接続",1
"696","間もなく","副詞","助詞類接続",1
"701","随分","副詞","助詞類接続",1
"702","度々","副詞","助詞類接続",1
"705","挨拶","名詞","サ変接続",1
"706","一睡","名詞","サ変接続",1
"707","運転","名詞","サ変接続",1
"708","運動","名詞","サ変接続",1
"709","演説","名詞","サ変接続",1
"713","餓死","名詞","サ変接続",1
"714","覚悟","名詞","サ変接続",1
"715","喝采","名詞","サ変接続",1
"718","観察","名詞","サ変接続",1
"719","観念","名詞","サ変接続",1
"720","鑑定","名詞","サ変接続",1
"722","喜悦","名詞","サ変接続",1
"724","議論","名詞","サ変接続",1
"726","教育","名詞","サ変接続",1
"727","謹聴","名詞","サ変接続",1
"728","傾聴","名詞","サ変接続",1
"729","敬遠","名詞","サ変接続",1
"730","経験","名詞","サ変接続",1
"731","軽侮","名詞","サ変接続",1
"732","軽蔑","名詞","サ変接続",1
"735","見当","名詞","サ変接続",1
"736","呼吸","名詞","サ変接続",1
"737","顧慮","名詞","サ変接続",1
"738","鼓動","名詞","サ変接続",1
"740","交際","名詞","サ変接続",1
"741","紅葉","名詞","サ変接続",1
"742","降参","名詞","サ変接続",1
"743","彩色","名詞","サ変接続",1
"744","察","名詞","サ変接続",1
"745","雑談","名詞","サ変接続",1
"746","始末","名詞","サ変接続",1
"747","思案","名詞","サ変接続",1
"748","自任","名詞","サ変接続",1
"749","自白","名詞","サ変接続",1
"751","失敬","名詞","サ変接続",1
"752","失笑","名詞","サ変接続",1
"753","失敗","名詞","サ変接続",1
"754","失望","名詞","サ変接続",1
"757","主張","名詞","サ変接続",1
"758","首肯","名詞","サ変接続",1
"759","出版","名詞","サ変接続",1
"760","述懐","名詞","サ変接続",1
"761","所有","名詞","サ変接続",1
"763","消沈","名詞","サ変接続",1
"764","心中","名詞","サ変接続",1
"765","身動き","名詞","サ変接続",1
"766","生活","名詞","サ変接続",1
"768","掃除","名詞","サ変接続",1
"769","相違","名詞","サ変接続",1
"770","相当","名詞","サ変接続",1
"771","装飾","名詞","サ変接続",1
"772","遭遇","名詞","サ変接続",1
"774","卒業","名詞","サ変接続",1
"775","尊敬","名詞","サ変接続",1
"776","対話","名詞","サ変接続",1
"777","退屈","名詞","サ変接続",1
"778","代言","名詞","サ変接続",1
"779","大息","名詞","サ変接続",1
"780","嘆賞","名詞","サ変接続",1
"781","断言","名詞","サ変接続",1
"785","著述","名詞","サ変接続",1
"786","挑撥","名詞","サ変接続",1
"788","呈出","名詞","サ変接続",1
"789","投書","名詞","サ変接続",1
"790","同居","名詞","サ変接続",1
"791","同盟","名詞","サ変接続",1
"792","同衾","名詞","サ変接続",1
"793","突起","名詞","サ変接続",1
"794","迫害","名詞","サ変接続",1
"796","判然","名詞","サ変接続",1
"797","反対","名詞","サ変接続",1
"798","批評","名詞","サ変接続",1
"799","比較","名詞","サ変接続",1
"800","肥満","名詞","サ変接続",1
"801","分別","名詞","サ変接続",1
"802","憤慨","名詞","サ変接続",1
"803","変化","名詞","サ変接続",1
"804","返報","名詞","サ変接続",1
"806","弁護","名詞","サ変接続",1
"807","報道","名詞","サ変接続",1
"810","傍聴","名詞","サ変接続",1
"811","漫罵","名詞","サ変接続",1
"812","問答","名詞","サ変接続",1
"814","予定","名詞","サ変接続",1
"815","要心","名詞","サ変接続",1
"816","乱暴","名詞","サ変接続",1
"817","掠奪","名詞","サ変接続",1
"818","料理","名詞","サ変接続",1
"820","佇立","名詞","サ変接続",1
"821","剿滅","名詞","サ変接続",1
"822","吶喊","名詞","サ変接続",1
"823","捏造","名詞","サ変接続",1
"824","揶揄","名詞","サ変接続",1
"826","しようが","名詞","ナイ形容詞語幹",1
"827","間違い","名詞","ナイ形容詞語幹",1
"829","あすこ","名詞","一般",1
"830","あたり","名詞","一般",1
"832","あら","名詞","一般",1
"834","いた事","名詞","一般",1
"835","いっしょ","名詞","一般",1
"837","おい","名詞","一般",1
"838","おくび","名詞","一般",1
"839","かき","名詞","一般",1
"841","かたがた","名詞","一般",1
"842","かな","名詞","一般",1
"843","かん","名詞","一般",1
"844","ぎりほとんど","名詞","一般",1
"845","ぐべき","名詞","一般",1
"847","ざ","名詞","一般",1
"848","しみ","名詞","一般",1
"849","ずる","名詞","一般",1
"850","そいつ","名詞","一般",1
"851","そこら","名詞","一般",1
"852","そば","名詞","一般",1
"853","そん","名詞","一般",1
"855","たんび","名詞","一般",1
"856","だい","名詞","一般",1
"857","ついで","名詞","一般",1
"858","はか","名詞","一般",1
"859","ばらばら","名詞","一般",1
"860","ぴく","名詞","一般",1
"861","ぷうぷうと","名詞","一般",1
"862","ぺたをひどく","名詞","一般",1
"863","ほととぎす","名詞","一般",1
"865","もっとも","名詞","一般",1
"866","ゃ","名詞","一般",1
"867","わし","名詞","一般",1
"868","わり","名詞","一般",1
"870","ギボン","名詞","一般",1
"871","セオファーノ","名詞","一般",1
"873","ダ・ヴィンチ","名詞","一般",1
"874","ニコラス・ニックルベー","名詞","一般",1
"876","ニャーニャー","名詞","一般",1
"877","ハハハハ","名詞","一般",1
"878","レオナルド・ダ・ヴィンチ","名詞","一般",1
"879","ヴァイオリン","名詞","一般",1
"880","愛","名詞","一般",1
"881","悪口","名詞","一般",1
"882","以太","名詞","一般",1
"884","謂","名詞","一般",1
"885","一つ","名詞","一般",1
"886","一間","名詞","一般",1
"887","一室","名詞","一般",1
"888","一樹","名詞","一般",1
"889","一色","名詞","一般",1
"890","一世","名詞","一般",1
"891","一体","名詞","一般",1
"892","一疋","名詞","一般",1
"893","一部始終","名詞","一般",1
"894","壱","名詞","一般",1
"895","咽","名詞","一般",1
"896","咽喉","名詞","一般",1
"897","蔭","名詞","一般",1
"901","円","名詞","一般",1
"902","炎","名詞","一般",1
"903","煙","名詞","一般",1
"904","煙草","名詞","一般",1
"905","縁","名詞","一般",1
"907","横","名詞","一般",1
"909","穏","名詞","一般",1
"910","音","名詞","一般",1
"914","家族","名詞","一般",1
"915","火","名詞","一般",1
"916","花弁","名詞","一般",1
"917","華","名詞","一般",1
"921","会","名詞","一般",1
"922","壊","名詞","一般",1
"925","絵具","名詞","一般",1
"927","垣根","名詞","一般",1
"928","革命","名詞","一般",1
"931","楽天","名詞","一般",1
"933","活","名詞","一般",1
"934","滑稽","名詞","一般",1
"935","褐色","名詞","一般",1
"936","寒","名詞","一般",1
"937","寒竹","名詞","一般",1
"938","完","名詞","一般",1
"944","奇警","名詞","一般",1
"945","機会","名詞","一般",1
"946","機嫌","名詞","一般",1
"949","規約","名詞","一般",1
"950","鬼気","名詞","一般",1
"951","欺","名詞","一般",1
"952","逆さ","名詞","一般",1
"953","久し振り","名詞","一般",1
"954","弓","名詞","一般",1
"955","恐れ","名詞","一般",1
"958","響","名詞","一般",1
"959","極","名詞","一般",1
"960","極り","名詞","一般",1
"961","勤勉","名詞","一般",1
"962","禽","名詞","一般",1
"963","筋","名詞","一般",1
"964","筋肉","名詞","一般",1
"965","近頃","名詞","一般",1
"966","近所","名詞","一般",1
"967","近辺","名詞","一般",1
"969","金魚","名詞","一般",1
"970","愚","名詞","一般",1
"971","愚劣","名詞","一般",1
"972","軍人","名詞","一般",1
"973","兄弟","名詞","一般",1
"974","形","名詞","一般",1
"975","形勢","名詞","一般",1
"976","景気","名詞","一般",1
"978","隙","名詞","一般",1
"979","欠","名詞","一般",1
"982","月給","名詞","一般",1
"983","権利","名詞","一般",1
"984","犬","名詞","一般",1
"985","険","名詞","一般",1
"986","元","名詞","一般",1
"987","言いよう","名詞","一般",1
"988","言語","名詞","一般",1
"990","呼","名詞","一般",1
"991","枯","名詞","一般",1
"993","枯木","名詞","一般",1
"994","胡","名詞","一般",1
"995","五つ","名詞","一般",1
"996","午","名詞","一般",1
"997","吾","名詞","一般",1
"998","後ろ","名詞","一般",1
"1000","御蔭","名詞","一般",1
"1001","御台","名詞","一般",1
"1002","梧桐","名詞","一般",1
"1005","候","名詞","一般",1
"1006","光","名詞","一般",1
"1007","光線","名詞","一般",1
"1008","光沢","名詞","一般",1
"1009","功","名詞","一般",1
"1012","好奇","名詞","一般",1
"1013","昂然","名詞","一般",1
"1014","浩然","名詞","一般",1
"1015","溝","名詞","一般",1
"1016","紅","名詞","一般",1
"1017","紅白","名詞","一般",1
"1019","膏","名詞","一般",1
"1020","国","名詞","一般",1
"1022","惚心","名詞","一般",1
"1023","骨","名詞","一般",1
"1024","今更","名詞","一般",1
"1026","差","名詞","一般",1
"1027","詐","名詞","一般",1
"1028","詐り","名詞","一般",1
"1029","座","名詞","一般",1
"1031","挫","名詞","一般",1
"1032","催","名詞","一般",1
"1034","最後っ屁","名詞","一般",1
"1036","細君","名詞","一般",1
"1037","細目","名詞","一般",1
"1038","際限","名詞","一般",1
"1039","肴","名詞","一般",1
"1041","三つ","名詞","一般",1
"1042","山出し","名詞","一般",1
"1043","山茶花","名詞","一般",1
"1044","残り","名詞","一般",1
"1045","仕儀","名詞","一般",1
"1046","刺","名詞","一般",1
"1048","子猫","名詞","一般",1
"1049","子分","名詞","一般",1
"1050","思い","名詞","一般",1
"1051","指","名詞","一般",1
"1052","支","名詞","一般",1
"1053","斯産","名詞","一般",1
"1054","枝","名詞","一般",1
"1055","紙","名詞","一般",1
"1056","脂","名詞","一般",1
"1057","試み","名詞","一般",1
"1060","寺院","名詞","一般",1
"1061","時節","名詞","一般",1
"1062","次","名詞","一般",1
"1066","漆","名詞","一般",1
"1068","主義","名詞","一般",1
"1070","主人公","名詞","一般",1
"1072","手出し","名詞","一般",1
"1073","手初め","名詞","一般",1
"1074","手柄","名詞","一般",1
"1075","種族","名詞","一般",1
"1076","酒","名詞","一般",1
"1077","首","名詞","一般",1
"1079","臭気","名詞","一般",1
"1080","住","名詞","一般",1
"1081","柔","名詞","一般",1
"1082","獣","名詞","一般",1
"1083","宿","名詞","一般",1
"1084","出鱈目","名詞","一般",1
"1085","出来","名詞","一般",1
"1086","処","名詞","一般",1
"1089","書物","名詞","一般",1
"1091","唱歌","名詞","一般",1
"1094","床","名詞","一般",1
"1096","上乗","名詞","一般",1
"1097","丈","名詞","一般",1
"1099","場","名詞","一般",1
"1100","情","名詞","一般",1
"1101","畳","名詞","一般",1
"1102","職業","名詞","一般",1
"1104","色つや","名詞","一般",1
"1105","食い物","名詞","一般",1
"1106","食物","名詞","一般",1
"1108","尻尾","名詞","一般",1
"1109","寝床","名詞","一般",1
"1110","心","名詞","一般",1
"1112","心持ち","名詞","一般",1
"1113","心臓","名詞","一般",1
"1114","新体詩","名詞","一般",1
"1115","新聞","名詞","一般",1
"1116","真丸","名詞","一般",1
"1117","真中","名詞","一般",1
"1119","親子","名詞","一般",1
"1120","身内","名詞","一般",1
"1124","人望","名詞","一般",1
"1126","杉","名詞","一般",1
"1127","世の中","名詞","一般",1
"1129","星辰","名詞","一般",1
"1131","西側","名詞","一般",1
"1132","西洋","名詞","一般",1
"1133","席","名詞","一般",1
"1134","石灰","名詞","一般",1
"1135","赤松","名詞","一般",1
"1139","前足","名詞","一般",1
"1141","双眸","名詞","一般",1
"1143","相槌","名詞","一般",1
"1144","造作","名詞","一般",1
"1145","速力","名詞","一般",1
"1146","存分","名詞","一般",1
"1148","太陽","名詞","一般",1
"1151","待合","名詞","一般",1
"1156","大家","名詞","一般",1
"1157","弾力","名詞","一般",1
"1158","段","名詞","一般",1
"1160","知","名詞","一般",1
"1161","知己","名詞","一般",1
"1162","地","名詞","一般",1
"1163","智識","名詞","一般",1
"1165","畜生","名詞","一般",1
"1168","中間","名詞","一般",1
"1169","昼飯","名詞","一般",1
"1170","徴候","名詞","一般",1
"1171","懲","名詞","一般",1
"1172","眺め","名詞","一般",1
"1173","調子","名詞","一般",1
"1176","通路","名詞","一般",1
"1177","爪","名詞","一般",1
"1179","底","名詞","一般",1
"1180","庭","名詞","一般",1
"1182","泥","名詞","一般",1
"1183","泥棒","名詞","一般",1
"1184","的","名詞","一般",1
"1186","天気","名詞","一般",1
"1187","天秤棒","名詞","一般",1
"1188","度","名詞","一般",1
"1189","度胸","名詞","一般",1
"1190","奴","名詞","一般",1
"1191","怒り","名詞","一般",1
"1192","冬","名詞","一般",1
"1194","答","名詞","一般",1
"1196","同族","名詞","一般",1
"1197","独り","名詞","一般",1
"1198","突","名詞","一般",1
"1199","呑","名詞","一般",1
"1200","南","名詞","一般",1
"1202","日の出","名詞","一般",1
"1203","日課","名詞","一般",1
"1205","日脚","名詞","一般",1
"1206","忍び","名詞","一般",1
"1207","忍び足","名詞","一般",1
"1211","能","名詞","一般",1
"1212","波","名詞","一般",1
"1213","馬","名詞","一般",1
"1215","背","名詞","一般",1
"1217","倍","名詞","一般",1
"1218","白","名詞","一般",1
"1219","白眉","名詞","一般",1
"1221","斑入り","名詞","一般",1
"1222","板の間","名詞","一般",1
"1223","飯櫃","名詞","一般",1
"1224","否や","名詞","一般",1
"1228","美感","名詞","一般",1
"1231","髭","名詞","一般",1
"1232","膝","名詞","一般",1
"1233","筆","名詞","一般",1
"1234","表","名詞","一般",1
"1235","不器量","名詞","一般",1
"1237","不平","名詞","一般",1
"1238","夫子","名詞","一般",1
"1239","部屋","名詞","一般",1
"1240","部分","名詞","一般",1
"1242","風采","名詞","一般",1
"1243","幅","名詞","一般",1
"1245","仏語","名詞","一般",1
"1248","平","名詞","一般",1
"1250","平時","名詞","一般",1
"1253","別","名詞","一般",1
"1254","箆","名詞","一般",1
"1255","歩","名詞","一般",1
"1256","母親","名詞","一般",1
"1257","包み","名詞","一般",1
"1258","方","名詞","一般",1
"1259","傍","名詞","一般",1
"1260","望","名詞","一般",1
"1263","魔","名詞","一般",1
"1264","慢","名詞","一般",1
"1265","未練","名詞","一般",1
"1267","無名","名詞","一般",1
"1268","無理やり","名詞","一般",1
"1269","名","名詞","一般",1
"1270","名人","名詞","一般",1
"1272","名文","名詞","一般",1
"1273","明","名詞","一般",1
"1274","明星","名詞","一般",1
"1275","面","名詞","一般",1
"1276","模様","名詞","一般",1
"1277","茂み","名詞","一般",1
"1279","毛筆","名詞","一般",1
"1280","毛並","名詞","一般",1
"1281","盲","名詞","一般",1
"1282","木","名詞","一般",1
"1284","目付","名詞","一般",1
"1285","問","名詞","一般",1
"1286","門下生","名詞","一般",1
"1287","野暮","名詞","一般",1
"1289","薬缶","名詞","一般",1
"1290","訳","名詞","一般",1
"1291","唯一","名詞","一般",1
"1294","友人","名詞","一般",1
"1295","友達","名詞","一般",1
"1296","有様","名詞","一般",1
"1297","余地","名詞","一般",1
"1299","幼稚園","名詞","一般",1
"1300","容","名詞","一般",1
"1302","様子","名詞","一般",1
"1303","用","名詞","一般",1
"1304","葉","名詞","一般",1
"1306","欲","名詞","一般",1
"1307","落ち","名詞","一般",1
"1308","欄間","名詞","一般",1
"1309","利","名詞","一般",1
"1312","裡","名詞","一般",1
"1313","両君","名詞","一般",1
"1314","両足","名詞","一般",1
"1315","猟","名詞","一般",1
"1316","良家","名詞","一般",1
"1317","力量","名詞","一般",1
"1319","輪廓","名詞","一般",1
"1320","隣家","名詞","一般",1
"1321","涙","名詞","一般",1
"1323","冷然","名詞","一般",1
"1325","連中","名詞","一般",1
"1326","路傍","名詞","一般",1
"1327","論","名詞","一般",1
"1328","藁","名詞","一般",1
"1330","偸","名詞","一般",1
"1331","劈頭","名詞","一般",1
"1332","喟然","名詞","一般",1
"1333","墻壁","名詞","一般",1
"1334","屁","名詞","一般",1
"1335","椽","名詞","一般",1
"1337","毬","名詞","一般",1
"1339","渾名","名詞","一般",1
"1340","瀟洒","名詞","一般",1
"1341","炬燵","名詞","一般",1
"1343","痞","名詞","一般",1
"1344","癪","名詞","一般",1
"1345","碌","名詞","一般",1
"1346","臍","名詞","一般",1
"1348","頸筋","名詞","一般",1
"1349","顫","名詞","一般",1
"1350","鰡","名詞","一般",1
"1351","鴉","名詞","一般",1
"1352","鼾","名詞","一般",1
"1355","ひそか","名詞","形容動詞語幹",1
"1356","まし","名詞","形容動詞語幹",1
"1357","偉大","名詞","形容動詞語幹",1
"1359","黄色","名詞","形容動詞語幹",1
"1360","下手","名詞","形容動詞語幹",1
"1361","我儘","名詞","形容動詞語幹",1
"1363","活溌","名詞","形容動詞語幹",1
"1364","滑稽","名詞","形容動詞語幹",1
"1365","肝心","名詞","形容動詞語幹",1
"1366","奇警","名詞","形容動詞語幹",1
"1368","気楽","名詞","形容動詞語幹",1
"1369","稀","名詞","形容動詞語幹",1
"1371","強力","名詞","形容動詞語幹",1
"1372","愚昧","名詞","形容動詞語幹",1
"1373","健康","名詞","形容動詞語幹",1
"1374","嫌い","名詞","形容動詞語幹",1
"1375","元気","名詞","形容動詞語幹",1
"1376","好き","名詞","形容動詞語幹",1
"1378","失敬","名詞","形容動詞語幹",1
"1379","十分","名詞","形容動詞語幹",1
"1380","出鱈目","名詞","形容動詞語幹",1
"1381","純粋","名詞","形容動詞語幹",1
"1382","勝手","名詞","形容動詞語幹",1
"1384","上等","名詞","形容動詞語幹",1
"1386","正当","名詞","形容動詞語幹",1
"1387","精細","名詞","形容動詞語幹",1
"1388","静か","名詞","形容動詞語幹",1
"1389","窃か","名詞","形容動詞語幹",1
"1391","大胆","名詞","形容動詞語幹",1
"1393","適当","名詞","形容動詞語幹",1
"1394","透明","名詞","形容動詞語幹",1
"1395","同断","名詞","形容動詞語幹",1
"1396","同様","名詞","形容動詞語幹",1
"1397","得意","名詞","形容動詞語幹",1
"1398","得意気","名詞","形容動詞語幹",1
"1402","不覚","名詞","形容動詞語幹",1
"1404","不自由","名詞","形容動詞語幹",1
"1405","不人情","名詞","形容動詞語幹",1
"1407","便利","名詞","形容動詞語幹",1
"1408","豊か","名詞","形容動詞語幹",1
"1409","傍若無人","名詞","形容動詞語幹",1
"1412","無頓着","名詞","形容動詞語幹",1
"1414","明瞭","名詞","形容動詞語幹",1
"1416","容易","名詞","形容動詞語幹",1
"1418","乱暴","名詞","形容動詞語幹",1
"1420","獰悪","名詞","形容動詞語幹",1
"1421","矮小","名詞","形容動詞語幹",1
"1422","饒舌","名詞","形容動詞語幹",1
"1424","こん","名詞","固有名詞",1
"1425","スー","名詞","固有名詞",1
"1426","ハリソン","名詞","固有名詞",1
"1427","ワットマン","名詞","固有名詞",1
"1428","越","名詞","固有名詞",1
"1429","家内","名詞","固有名詞",1
"1430","近","名詞","固有名詞",1
"1431","迎","名詞","固有名詞",1
"1433","三間","名詞","固有名詞",1
"1434","始","名詞","固有名詞",1
"1436","笑","名詞","固有名詞",1
"1437","上今","名詞","固有名詞",1
"1438","杉","名詞","固有名詞",1
"1440","総","名詞","固有名詞",1
"1444","朝日","名詞","固有名詞",1
"1445","日本","名詞","固有名詞",1
"1447","半","名詞","固有名詞",1
"1448","仏","名詞","固有名詞",1
"1449","木の根","名詞","固有名詞",1
"1450","露","名詞","固有名詞",1
"1452","何","名詞","数",1
"1457","数","名詞","数",1
"1460","がかり","名詞","接尾",1
"1462","さ","名詞","接尾",1
"1463","さん","名詞","接尾",1
"1466","だらけ","名詞","接尾",1
"1468","よう","名詞","接尾",1
"1470","ページ","名詞","接尾",1
"1476","間","名詞","接尾",1
"1477","顔","名詞","接尾",1
"1478","給","名詞","接尾",1
"1479","強","名詞","接尾",1
"1480","玉","名詞","接尾",1
"1482","権","名詞","接尾",1
"1484","国","名詞","接尾",1
"1485","頃","名詞","接尾",1
"1486","史","名詞","接尾",1
"1487","時","名詞","接尾",1
"1489","車","名詞","接尾",1
"1490","手","名詞","接尾",1
"1491","種","名詞","接尾",1
"1492","出","名詞","接尾",1
"1496","先","名詞","接尾",1
"1497","線","名詞","接尾",1
"1499","族","名詞","接尾",1
"1500","大","名詞","接尾",1
"1501","段","名詞","接尾",1
"1503","坪","名詞","接尾",1
"1505","度","名詞","接尾",1
"1509","入り","名詞","接尾",1
"1510","年","名詞","接尾",1
"1511","杯","名詞","接尾",1
"1512","倍","名詞","接尾",1
"1513","匹","名詞","接尾",1
"1514","筆","名詞","接尾",1
"1517","別","名詞","接尾",1
"1519","方","名詞","接尾",1
"1521","枚","名詞","接尾",1
"1523","名","名詞","接尾",1
"1526","力","名詞","接尾",1
"1527","論","名詞","接尾",1
"1528","話","名詞","接尾",1
"1531","おら","名詞","代名詞",1
"1532","おれ","名詞","代名詞",1
"1534","こっち","名詞","代名詞",1
"1540","どっち","名詞","代名詞",1
"1541","どれ","名詞","代名詞",1
"1542","なに","名詞","代名詞",1
"1543","なん","名詞","代名詞",1
"1547","皆","名詞","代名詞",1
"1558","きり","名詞","非自立",1
"1564","はず","名詞","非自立",1
"1565","まま","名詞","非自立",1
"1567","もん","名詞","非自立",1
"1569","ん","名詞","非自立",1
"1571","下","名詞","非自立",1
"1573","限り","名詞","非自立",1
"1575","頃","名詞","非自立",1
"1581","折","名詞","非自立",1
"1583","度","名詞","非自立",1
"1590","さっき","名詞","副詞可能",1
"1593","たくさん","名詞","副詞可能",1
"1595","一月","名詞","副詞可能",1
"1596","一刻","名詞","副詞可能",1
"1598","一廉","名詞","副詞可能",1
"1600","近く","名詞","副詞可能",1
"1605","昨夜","名詞","副詞可能",1
"1607","時間","名詞","副詞可能",1
"1608","自ら","名詞","副詞可能",1
"1609","終日","名詞","副詞可能",1
"1611","初め","名詞","副詞可能",1
"1612","場合","名詞","副詞可能",1
"1613","生涯","名詞","副詞可能",1
"1615","先日","名詞","副詞可能",1
"1618","全て","名詞","副詞可能",1
"1619","昼","名詞","副詞可能",1
"1622","当分","名詞","副詞可能",1
"1623","半分","名詞","副詞可能",1
"1624","平生","名詞","副詞可能",1
"1625","暮れ","名詞","副詞可能",1
"1627","毎夜","名詞","副詞可能",1
"1629","夜中","名詞","副詞可能",1
"1634","いわゆる","連体詞","*",1
"1639","とある","連体詞","*",1
"1640","どういう","連体詞","*",1
"1641","どの","連体詞","*",1
